survey_id,user_id,program_id,survey_type,satisfaction,difficulty,content_quality,ta_support,open_feedback,response_date
S00001,U00002,P002,post,4,4,5,4,Education only sign person office stage both.,2026-07-24
S00002,U00007,P004,post,5,2,4,3,City play affect paper.,2026-07-24
S00003,U00008,P007,post,5,3,4,3,Point a that pretty project how single she.,2026-07-24
S00004,U00014,P006,post,3,2,4,4,Fast building explain.,2026-07-24
S00005,U00016,P003,post,3,2,4,4,Others catch of weight animal drop.,2026-07-24
S00006,U00024,P005,post,3,5,4,5,Course most issue enough citizen four increase.,2026-07-24
S00007,U00025,P002,post,4,3,3,3,Since health light their.,2026-07-24
S00008,U00032,P004,post,4,2,3,3,Much live next forward thank minute.,2026-07-24
S00009,U00033,P008,post,4,2,5,5,Fight PM language either billion sea idea group.,2026-07-24
S00010,U00034,P008,post,4,2,3,4,Check yeah few such can idea middle.,2026-07-24
S00011,U00035,P001,post,5,2,3,3,Pay dinner program like trade media.,2026-07-24
S00012,U00036,P007,post,4,4,4,3,Approach practice industry teach.,2026-07-24
S00013,U00037,P001,post,4,4,5,4,Thought doctor action board bit.,2026-07-24
S00014,U00042,P002,post,4,4,3,3,Key almost control him environment expect.,2026-07-24
S00015,U00048,P006,post,3,4,5,5,Author standard public.,2026-07-24
S00016,U00056,P008,post,5,5,5,4,Across size hit level coach themselves indeed accept.,2026-07-24
S00017,U00064,P002,post,4,3,3,5,Way commercial religious.,2026-07-24
S00018,U00065,P004,post,3,5,5,3,Generation leg color relationship.,2026-07-24
S00019,U00066,P002,post,3,3,4,3,Hour treatment everybody small people only.,2026-07-24
S00020,U00070,P002,post,3,2,4,5,Growth especially raise arm trip institution speech.,2026-07-24
S00021,U00073,P001,post,5,3,4,5,Them second if structure democratic.,2026-07-24
S00022,U00077,P007,post,4,4,3,5,Society church seek task network discover sing center.,2026-07-24
S00023,U00081,P008,post,4,2,5,5,Phone society stuff prepare possible.,2026-07-24
S00024,U00089,P004,post,4,5,3,3,Production move offer tonight strong.,2026-07-24
S00025,U00101,P007,post,4,3,5,4,Break again why enter range.,2026-07-24
S00026,U00107,P007,post,4,3,4,5,Western writer front perform also.,2026-07-24
S00027,U00108,P005,post,4,3,3,5,Heart evening focus kitchen avoid.,2026-07-24
S00028,U00111,P001,post,5,4,5,4,Subject offer share operation.,2026-07-24
S00029,U00115,P006,post,4,3,5,3,Every sound instead.,2026-07-24
S00030,U00117,P005,post,4,5,5,4,Fact especially agent plan.,2026-07-24
S00031,U00121,P006,post,5,2,4,5,Worker ok meet once race.,2026-07-24
S00032,U00133,P001,post,3,3,4,5,Important break consumer.,2026-07-24
S00033,U00136,P002,post,3,2,4,5,Sea baby sing reflect fast.,2026-07-24
S00034,U00143,P006,post,4,5,3,4,Support newspaper most they with.,2026-07-24
S00035,U00145,P006,post,3,4,4,5,Course very sister north I.,2026-07-24
S00036,U00152,P008,post,5,2,4,3,Suddenly father follow party south.,2026-07-24
S00037,U00154,P006,post,4,5,5,3,Eye who car affect she lead.,2026-07-24
S00038,U00158,P001,post,3,2,4,3,Others board yeah eye.,2026-07-24
S00039,U00159,P004,post,4,2,4,5,Price down young young.,2026-07-24
S00040,U00160,P004,post,5,3,4,4,Citizen officer suddenly consider trip lay.,2026-07-24
S00041,U00161,P002,post,4,4,4,3,Whatever more state impact executive board.,2026-07-24
S00042,U00167,P005,post,5,5,3,3,Become people stand field coach save hit.,2026-07-24
S00043,U00169,P004,post,4,4,4,4,Artist economy trouble surface ever once.,2026-07-24
S00044,U00170,P007,post,3,3,5,5,Spring while policy sell seven accept your.,2026-07-24
S00045,U00178,P007,post,3,4,5,3,Series with skin.,2026-07-24
S00046,U00190,P005,post,4,2,5,5,Prepare three stand read least sometimes.,2026-07-24
S00047,U00199,P003,post,4,5,5,5,Might shake environment successful none it.,2026-07-24
S00048,U00210,P006,post,3,4,4,3,Recently trouble forward win not include.,2026-07-24
S00049,U00215,P007,post,5,2,4,3,Impact shoulder throughout with.,2026-07-24
S00050,U00216,P007,post,5,3,4,3,Free bit line.,2026-07-24
S00051,U00217,P006,post,3,2,5,3,Someone party analysis condition right Republican physical market.,2026-07-24
S00052,U00218,P004,post,3,2,3,4,Morning him daughter possible alone seven.,2026-07-24
S00053,U00219,P005,post,4,2,4,3,Low population herself.,2026-07-24
S00054,U00224,P006,post,5,5,3,5,Crime chair only those.,2026-07-24
S00055,U00231,P003,post,4,4,5,5,Establish serious imagine professional too risk participant.,2026-07-24
S00056,U00232,P004,post,5,2,3,3,Five still want reveal series international.,2026-07-24
S00057,U00236,P004,post,3,2,3,5,Method store mouth.,2026-07-24
S00058,U00241,P006,post,5,3,5,3,Picture consider animal less goal simple cover nation.,2026-07-24
S00059,U00245,P001,post,5,4,5,4,War Mrs everything court main improve stop.,2026-07-24
S00060,U00246,P008,post,5,2,5,5,Executive program garden ago.,2026-07-24
S00061,U00251,P006,post,5,5,4,3,Window become maintain or require hit voice school.,2026-07-24
S00062,U00254,P002,post,3,3,3,3,Maybe air approach chance.,2026-07-24
S00063,U00255,P002,post,4,4,5,3,Design seven Republican loss investment list.,2026-07-24
S00064,U00259,P006,post,4,5,5,3,Hotel stay control organization exactly.,2026-07-24
S00065,U00270,P007,post,5,5,4,4,Expect measure agent they important.,2026-07-24
S00066,U00275,P004,post,5,5,3,5,Identify arrive option owner similar discuss.,2026-07-24
S00067,U00277,P004,post,3,3,3,5,Challenge behavior site understand.,2026-07-24
S00068,U00282,P001,post,5,3,3,3,Property source term seek.,2026-07-24
S00069,U00283,P002,post,4,3,3,5,Policy she describe whether player end.,2026-07-24
S00070,U00287,P007,post,5,5,4,3,Product should else instead cold cost.,2026-07-24
S00071,U00293,P004,post,4,5,3,5,Place they big fund.,2026-07-24
S00072,U00294,P004,post,5,3,3,3,Morning structure wide guy method.,2026-07-24
S00073,U00301,P001,post,3,5,4,3,Natural open believe husband market.,2026-07-24
S00074,U00303,P008,post,5,5,5,3,Arm benefit door meet nor him.,2026-07-24
S00075,U00304,P002,post,4,3,4,5,Gas enough source themselves wide.,2026-07-24
S00076,U00306,P005,post,5,2,4,4,Get tree other kitchen remain walk.,2026-07-24
S00077,U00307,P004,post,4,4,3,3,Seek measure a their.,2026-07-24
S00078,U00312,P005,post,3,3,5,5,Tax situation relate expert type others during soldier.,2026-07-24
S00079,U00313,P001,post,3,3,5,3,Couple church use street develop little.,2026-07-24
S00080,U00314,P008,post,4,3,5,3,Education cause note religious half key whose.,2026-07-24
S00081,U00317,P004,post,5,5,4,3,Measure know moment plan establish manage.,2026-07-24
S00082,U00324,P008,post,3,5,5,3,Brother agreement head war Mr.,2026-07-24
S00083,U00326,P001,post,4,4,5,5,Drive professor understand.,2026-07-24
S00084,U00331,P005,post,5,4,3,3,Usually artist customer.,2026-07-24
S00085,U00332,P002,post,4,3,5,4,Inside glass management news claim.,2026-07-24
S00086,U00337,P004,post,4,4,4,5,Into check system team interest take section.,2026-07-24
S00087,U00339,P006,post,5,4,3,5,Yard court middle current already anything when.,2026-07-24
S00088,U00349,P006,post,5,5,5,5,Author or huge suddenly myself already.,2026-07-24
S00089,U00351,P008,post,5,5,5,3,Current system art option environmental at.,2026-07-24
S00090,U00352,P006,post,3,2,4,3,Wait finally officer case guess raise.,2026-07-24
S00091,U00353,P001,post,3,2,4,4,Manager few whether.,2026-07-24
S00092,U00363,P007,post,3,2,4,5,Always company its quite development.,2026-07-24
S00093,U00373,P003,post,4,5,3,4,Tree ok decision need tree.,2026-07-24
S00094,U00374,P002,post,4,4,5,5,Money require program.,2026-07-24
S00095,U00379,P003,post,5,2,5,4,Everyone between soon.,2026-07-24
S00096,U00380,P002,post,5,3,4,5,Defense more mission coach.,2026-07-24
S00097,U00384,P001,post,4,2,3,4,Use maybe support goal policy reflect.,2026-07-24
S00098,U00393,P007,post,5,2,5,3,Campaign despite prepare.,2026-07-24
S00099,U00394,P005,post,3,4,4,3,Day good window image visit agent.,2026-07-24
S00100,U00395,P008,post,4,3,3,4,List reach manage response.,2026-07-24
S00101,U00398,P003,post,3,5,4,5,Might yes hour in draw across.,2026-07-24
S00102,U00401,P006,post,3,3,3,3,When property box reveal decision.,2026-07-24
S00103,U00410,P007,post,4,4,3,5,Hear reveal them after.,2026-07-24
S00104,U00411,P008,post,3,3,5,4,Interesting too grow part age investment.,2026-07-24
S00105,U00412,P006,post,4,5,4,3,Outside Democrat change other name well.,2026-07-24
S00106,U00437,P005,post,5,5,5,3,Technology grow bag east.,2026-07-24
S00107,U00441,P008,post,5,4,4,5,Heart positive participant firm wife wide.,2026-07-24
S00108,U00445,P007,post,4,4,3,5,Size college black six home charge early.,2026-07-24
S00109,U00447,P007,post,5,3,4,5,Create memory lot probably become.,2026-07-24
S00110,U00448,P001,post,4,4,5,3,Wait pass sell home record teach.,2026-07-24
S00111,U00453,P008,post,3,2,4,5,Draw threat themselves ahead television.,2026-07-24
S00112,U00455,P005,post,3,5,4,3,Easy mother either company score cell hit.,2026-07-24
S00113,U00459,P008,post,3,5,3,4,Remember political owner culture have kind place make.,2026-07-24
S00114,U00462,P004,post,4,5,4,3,Production friend keep pattern.,2026-07-24
S00115,U00469,P004,post,3,3,4,5,Read practice west make table office.,2026-07-24
S00116,U00489,P006,post,4,3,3,3,Clear bring fact effect seek.,2026-07-24
S00117,U00490,P003,post,3,2,5,3,Rate PM start international become court.,2026-07-24
S00118,U00492,P008,post,4,5,3,3,Century success total type view recognize the the.,2026-07-24
S00119,U00493,P008,post,5,3,5,3,Camera discuss through experience race.,2026-07-24
S00120,U00494,P008,post,5,4,5,5,Unit kind more because agent treat he.,2026-07-24
S00121,U00495,P006,post,3,5,3,3,Race recognize professor trade card know line.,2026-07-24
S00122,U00497,P004,post,3,2,4,5,Discussion create accept three have.,2026-07-24
S00123,U00501,P002,post,5,3,3,3,Black challenge remain.,2026-07-24
S00124,U00504,P002,post,5,5,3,5,Approach author suffer her.,2026-07-24
S00125,U00514,P003,post,4,4,4,5,Perform agree find past budget.,2026-07-24
S00126,U00515,P002,post,4,3,3,3,Main certain less change produce most course.,2026-07-24
S00127,U00519,P005,post,4,3,3,3,Whole future town decide voice.,2026-07-24
S00128,U00521,P007,post,5,5,3,5,While fly mission education.,2026-07-24
S00129,U00523,P008,post,4,3,5,4,Along cause ten there maybe practice.,2026-07-24
S00130,U00526,P001,post,4,2,4,5,Away picture task possible.,2026-07-24
S00131,U00527,P005,post,5,3,4,5,Here action often city movement sure.,2026-07-24
S00132,U00531,P002,post,5,5,3,5,Difference action to forward great southern.,2026-07-24
S00133,U00532,P006,post,4,4,3,3,Year always wish month daughter believe near.,2026-07-24
S00134,U00535,P008,post,5,4,4,4,Interest Democrat government more.,2026-07-24
S00135,U00536,P005,post,3,2,3,4,And soon lead although dream tough thing whole.,2026-07-24
S00136,U00544,P006,post,3,2,5,3,Decide why such house player nation base.,2026-07-24
S00137,U00545,P006,post,5,4,5,5,Present rest loss individual ten according.,2026-07-24
S00138,U00546,P007,post,4,3,3,4,Pm difficult unit thought shoulder you with.,2026-07-24
S00139,U00548,P001,post,3,3,5,3,Every floor management investment draw their ground.,2026-07-24
S00140,U00551,P007,post,3,3,4,3,Thank plan understand lead huge great.,2026-07-24
S00141,U00552,P006,post,4,3,3,3,Simply second black force.,2026-07-24
S00142,U00558,P006,post,4,2,3,5,No real data what doctor likely move kid.,2026-07-24
S00143,U00561,P004,post,5,3,3,5,Win while service possible save.,2026-07-24
S00144,U00563,P008,post,3,4,5,3,Third board federal maintain especially.,2026-07-24
S00145,U00566,P005,post,5,4,3,4,Like way inside place along chair anyone only.,2026-07-24
S00146,U00579,P008,post,4,3,5,3,Leader stand attention position notice.,2026-07-24
S00147,U00594,P006,post,4,3,5,3,Step threat job.,2026-07-24
S00148,U00600,P007,post,5,2,4,5,Weight sort his middle special fly.,2026-07-24
S00149,U00603,P006,post,4,3,3,4,Air place possible friend image popular star mother.,2026-07-24
S00150,U00604,P003,post,4,5,5,4,Ask them administration suffer.,2026-07-24
S00151,U00608,P008,post,5,4,3,3,Soldier machine new either more government dog.,2026-07-24
S00152,U00610,P004,post,3,2,4,4,These including right science movement.,2026-07-24
S00153,U00617,P008,post,4,4,3,3,Include sister dream.,2026-07-24
S00154,U00620,P007,post,4,2,4,4,Measure my TV see.,2026-07-24
S00155,U00622,P002,post,4,5,3,3,Dog little table pick choose.,2026-07-24
S00156,U00623,P003,post,5,4,4,5,Major school subject quality.,2026-07-24
S00157,U00625,P007,post,4,2,3,4,Board series capital early.,2026-07-24
S00158,U00631,P003,post,5,2,4,4,Hot raise drive face finally miss simply.,2026-07-24
S00159,U00632,P004,post,4,3,5,4,Understand suggest soon care.,2026-07-24
S00160,U00635,P003,post,5,3,5,3,Anything in myself cultural amount.,2026-07-24
S00161,U00637,P008,post,5,3,4,3,Concern score wife end money kind.,2026-07-24
S00162,U00642,P006,post,3,4,3,4,Do lose meet.,2026-07-24
S00163,U00643,P001,post,3,5,5,5,Early letter yourself cut memory say.,2026-07-24
S00164,U00645,P006,post,5,5,3,5,Human style night data risk.,2026-07-24
S00165,U00649,P008,post,5,3,3,4,Actually region land apply newspaper perhaps always fill.,2026-07-24
S00166,U00652,P004,post,3,4,4,3,Fine company around while.,2026-07-24
S00167,U00661,P007,post,5,3,5,3,None matter set green.,2026-07-24
S00168,U00664,P007,post,3,2,4,5,Rather yourself early fear a including clearly.,2026-07-24
S00169,U00666,P005,post,5,3,4,5,Very catch member case quickly chance.,2026-07-24
S00170,U00668,P001,post,4,4,3,4,Hot community ten grow anyone so finish.,2026-07-24
S00171,U00671,P004,post,4,2,5,5,Experience decade with authority member space.,2026-07-24
S00172,U00674,P003,post,4,5,4,3,Hope save key fund generation.,2026-07-24
S00173,U00688,P004,post,4,3,5,4,Unit hit actually miss debate chair.,2026-07-24
S00174,U00692,P008,post,3,2,3,3,Go remember news.,2026-07-24
S00175,U00696,P004,post,4,3,4,4,Cell ever democratic wall.,2026-07-24
S00176,U00698,P004,post,5,5,3,4,Church social others.,2026-07-24
S00177,U00708,P007,post,4,3,4,3,Never owner star various police character.,2026-07-24
S00178,U00709,P004,post,3,2,4,4,I story loss including kid town budget.,2026-07-24
S00179,U00710,P001,post,5,2,3,3,Nature environmental live process hundred quality.,2026-07-24
S00180,U00711,P006,post,4,4,5,5,Purpose able bed find information town.,2026-07-24
S00181,U00712,P003,post,3,5,3,5,Push media board maintain.,2026-07-24
S00182,U00714,P004,post,4,2,4,3,Guy believe assume relationship action accept.,2026-07-24
S00183,U00715,P006,post,3,3,4,5,Determine expect ready time give.,2026-07-24
S00184,U00717,P005,post,4,4,5,5,Company amount option no need.,2026-07-24
S00185,U00718,P006,post,4,3,3,4,Choose art song ask car.,2026-07-24
S00186,U00719,P006,post,5,4,5,4,Glass civil lot Mr truth sit.,2026-07-24
S00187,U00720,P008,post,4,4,4,4,Throw partner education benefit young increase.,2026-07-24
S00188,U00724,P004,post,5,2,3,5,Various nearly community speak current.,2026-07-24
S00189,U00725,P003,post,3,5,5,5,Their lay throw travel as commercial.,2026-07-24
S00190,U00732,P004,post,3,2,5,4,Address spring sign ahead.,2026-07-24
S00191,U00733,P007,post,4,5,4,3,Bed possible democratic radio.,2026-07-24
S00192,U00742,P003,post,4,4,4,5,Too social study soldier here safe cold.,2026-07-24
S00193,U00743,P003,post,3,2,4,3,Over read beat player music.,2026-07-24
S00194,U00754,P006,post,5,4,5,5,Situation who summer method when.,2026-07-24
S00195,U00755,P006,post,4,2,3,4,As fill provide.,2026-07-24
S00196,U00756,P001,post,5,3,3,3,Term bring thousand environmental show reduce.,2026-07-24
S00197,U00764,P004,post,3,3,4,5,Family hear interview mind play modern information.,2026-07-24
S00198,U00768,P005,post,5,5,3,3,Memory choice and mother.,2026-07-24
S00199,U00776,P001,post,5,3,4,4,House value defense ask item.,2026-07-24
S00200,U00783,P006,post,4,2,3,5,Figure trouble baby performance economy.,2026-07-24
S00201,U00785,P005,post,5,3,3,5,Choice less adult technology state art drug.,2026-07-24
S00202,U00808,P006,post,4,4,4,3,During already recognize above day large.,2026-07-24
S00203,U00810,P006,post,5,2,5,3,Build pull bank customer affect now form vote.,2026-07-24
S00204,U00813,P002,post,5,5,5,5,That network piece baby already.,2026-07-24
S00205,U00816,P006,post,3,5,3,5,Friend various good all share through.,2026-07-24
S00206,U00817,P006,post,4,5,3,3,Left oil choose wonder respond.,2026-07-24
S00207,U00818,P008,post,3,5,5,5,Maintain fast trade use.,2026-07-24
S00208,U00831,P008,post,5,4,3,5,Month rest modern project.,2026-07-24
S00209,U00832,P007,post,4,5,5,5,Through even skill research according pressure.,2026-07-24
S00210,U00833,P001,post,3,4,3,5,When character population miss painting.,2026-07-24
S00211,U00841,P005,post,4,5,5,3,Carry as almost sound PM some.,2026-07-24
S00212,U00842,P007,post,3,2,5,3,Suggest best manager past Congress.,2026-07-24
S00213,U00845,P008,post,4,3,4,5,Parent compare water for seem able better.,2026-07-24
S00214,U00847,P007,post,4,4,4,4,Law itself leg nor note actually several.,2026-07-24
S00215,U00848,P001,post,4,4,4,4,By debate time poor indicate wrong.,2026-07-24
S00216,U00850,P004,post,3,2,4,4,Plant soon offer catch eat area.,2026-07-24
S00217,U00854,P001,post,5,3,5,4,Help institution town recently cost compare.,2026-07-24
S00218,U00868,P003,post,3,5,5,4,Situation benefit establish much face.,2026-07-24
S00219,U00879,P008,post,4,3,4,4,Cost computer most great evidence.,2026-07-24
S00220,U00881,P002,post,4,2,5,4,Job throughout price inside loss treat various.,2026-07-24
S00221,U00884,P003,post,3,4,3,4,Happen entire usually interest pass.,2026-07-24
S00222,U00886,P005,post,5,3,5,5,On expect thousand name wind work kitchen.,2026-07-24
S00223,U00889,P003,post,4,2,4,5,All number short lot beat many travel.,2026-07-24
S00224,U00911,P002,post,5,5,4,5,Have off today training central along.,2026-07-24
S00225,U00915,P006,post,4,5,5,3,Accept task information drug.,2026-07-24
S00226,U00918,P006,post,5,5,4,4,Whom structure note trial per history.,2026-07-24
S00227,U00921,P001,post,5,2,4,4,Education contain middle special on stand offer.,2026-07-24
S00228,U00925,P002,post,5,4,3,4,Court instead account participant large response.,2026-07-24
S00229,U00929,P007,post,5,2,4,5,Eat direction sit gun.,2026-07-24
S00230,U00934,P008,post,3,2,4,5,Minute herself treatment.,2026-07-24
S00231,U00940,P005,post,5,2,5,4,Pressure rest fast hear trade though meet market.,2026-07-24
S00232,U00943,P007,post,4,5,3,5,Place federal nor event him very garden.,2026-07-24
S00233,U00959,P007,post,5,3,4,5,Hundred her site.,2026-07-24
S00234,U00960,P008,post,3,2,4,5,Nation process must member clear.,2026-07-24
S00235,U00965,P008,post,5,3,4,5,Sure draw reflect term.,2026-07-24
S00236,U00966,P004,post,3,3,3,3,Something recently with heavy detail what.,2026-07-24
S00237,U00972,P008,post,5,4,4,3,Anyone step role owner.,2026-07-24
S00238,U00976,P006,post,3,3,4,5,Learn remember reveal miss college career law defense.,2026-07-24
S00239,U00977,P003,post,5,4,3,5,That professor government.,2026-07-24
S00240,U00980,P002,post,4,2,5,3,Trip figure body hundred Mrs.,2026-07-24
S00241,U00982,P004,post,3,2,3,5,Can course production enjoy hear song money.,2026-07-24
S00242,U00985,P001,post,4,4,3,3,Poor local job born political true.,2026-07-24
S00243,U00993,P002,post,4,3,4,5,Character poor upon call point consumer add.,2026-07-24
S00244,U01003,P006,post,5,4,3,4,Degree stock guy evidence pattern.,2026-07-24
S00245,U01005,P001,post,5,5,3,4,Appear have avoid later back radio.,2026-07-24
S00246,U01011,P001,post,5,2,3,3,Pm western expect human lot act Congress.,2026-07-24
S00247,U01017,P004,post,3,3,4,4,Environmental former effort worker food sense treatment.,2026-07-24
S00248,U01019,P008,post,4,2,4,4,Effect until west campaign become.,2026-07-24
S00249,U01020,P002,post,5,4,3,5,Show assume after single provide western development.,2026-07-24
S00250,U01022,P004,post,3,4,4,4,Education test day later.,2026-07-24
S00251,U01027,P002,post,4,5,3,3,Against second think him others.,2026-07-24
S00252,U01029,P004,post,3,2,4,3,Fly own understand police morning money.,2026-07-24
S00253,U01033,P002,post,4,4,3,3,Skin financial result employee see act thing money.,2026-07-24
S00254,U01034,P005,post,4,4,4,4,Large seek day north degree.,2026-07-24
S00255,U01038,P004,post,5,4,4,4,Glass hear student quality sort might bring.,2026-07-24
S00256,U01045,P004,post,3,3,3,5,Fill have pick main despite model American.,2026-07-24
S00257,U01048,P006,post,5,3,5,5,Do few strong prove tell occur.,2026-07-24
S00258,U01049,P002,post,3,3,4,5,Last test year game professional.,2026-07-24
S00259,U01051,P008,post,5,2,4,4,Throughout remember government positive customer pick.,2026-07-24
S00260,U01054,P002,post,3,5,5,4,Senior region foot tell challenge.,2026-07-24
S00261,U01070,P002,post,3,3,3,3,Trouble out plant the.,2026-07-24
S00262,U01075,P006,post,5,3,5,5,Become week first past say bag room.,2026-07-24
S00263,U01081,P004,post,5,2,4,4,Activity miss to painting case almost far.,2026-07-24
S00264,U01082,P005,post,4,4,4,5,Visit low boy future here note soldier.,2026-07-24
S00265,U01083,P004,post,5,4,3,5,Politics less we the state.,2026-07-24
S00266,U01087,P003,post,3,4,4,4,This fly himself discussion I.,2026-07-24
S00267,U01089,P008,post,4,4,5,4,Authority share about friend official within.,2026-07-24
S00268,U01099,P001,post,3,3,4,3,There former choice school him easy off.,2026-07-24
S00269,U01100,P006,post,5,4,4,3,Page I together raise.,2026-07-24
S00270,U01103,P002,post,4,5,4,5,Enjoy task attention during available cultural whose put.,2026-07-24
S00271,U01108,P006,post,5,4,3,3,Who reality statement cut.,2026-07-24
S00272,U01109,P008,post,5,3,4,4,Cold follow federal generation.,2026-07-24
S00273,U01110,P002,post,3,2,4,5,Voice ahead someone society interview above.,2026-07-24
S00274,U01112,P002,post,4,2,3,5,Whether none apply.,2026-07-24
S00275,U01120,P003,post,3,3,4,5,Read single whose place purpose.,2026-07-24
S00276,U01122,P001,post,4,3,4,5,Final few suddenly step financial.,2026-07-24
S00277,U01132,P007,post,3,3,5,3,Seek scene available analysis reality blue remember exactly.,2026-07-24
S00278,U01136,P002,post,3,2,5,4,Particular agent number stuff soon religious seek consumer.,2026-07-24
S00279,U01137,P005,post,4,4,5,3,Add pattern approach son level play.,2026-07-24
S00280,U01138,P004,post,4,2,4,5,Short throw street manager.,2026-07-24
S00281,U01139,P008,post,3,5,5,4,Item admit defense trouble reduce.,2026-07-24
S00282,U01142,P005,post,3,2,4,5,Sound score draw ok throw a positive.,2026-07-24
S00283,U01149,P008,post,3,3,3,3,Answer already station manager off decision well quite.,2026-07-24
S00284,U01150,P007,post,3,3,4,4,Morning question eight including.,2026-07-24
S00285,U01152,P007,post,5,2,4,4,Young to out message total modern.,2026-07-24
S00286,U01156,P006,post,5,5,3,3,Should born argue official take teacher mother.,2026-07-24
S00287,U01161,P008,post,4,3,5,3,Military message foreign window.,2026-07-24
S00288,U01163,P003,post,5,3,5,3,Check hair surface drug whatever toward tree.,2026-07-24
S00289,U01164,P007,post,5,3,5,5,Him likely page.,2026-07-24
S00290,U01168,P008,post,5,2,5,5,Institution current law magazine design strong somebody.,2026-07-24
S00291,U01169,P002,post,3,5,5,5,Answer star decision power.,2026-07-24
S00292,U01172,P004,post,3,2,3,4,Main student east blue couple case floor.,2026-07-24
S00293,U01183,P006,post,3,2,4,3,Those bar action beyond item improve customer.,2026-07-24
S00294,U01184,P006,post,3,3,4,3,Before ahead memory pass.,2026-07-24
S00295,U01185,P005,post,3,3,3,5,Others just of support suffer of believe.,2026-07-24
S00296,U01193,P005,post,3,5,4,5,Former trade society late structure our.,2026-07-24
S00297,U01194,P006,post,4,3,4,3,Conference agent cut hit send character.,2026-07-24
S00298,U01202,P001,post,4,4,5,5,Race never according gun start.,2026-07-24
S00299,U01204,P002,post,4,5,5,5,Left nor figure decide attorney.,2026-07-24
S00300,U01205,P008,post,5,5,3,5,Discussion evidence individual glass.,2026-07-24
S00301,U01212,P002,post,3,2,4,3,Change yard teacher film might world.,2026-07-24
S00302,U01216,P002,post,3,3,5,5,Consumer pick national government later shoulder road.,2026-07-24
S00303,U01217,P007,post,5,2,3,3,Town notice animal off usually indeed.,2026-07-24
S00304,U01220,P005,post,4,2,4,4,Week energy high main rule.,2026-07-24
S00305,U01222,P005,post,4,5,4,5,Should house prove.,2026-07-24
S00306,U01223,P003,post,5,4,3,5,Remember think another support.,2026-07-24
S00307,U01230,P001,post,4,5,4,3,Not usually society unit.,2026-07-24
S00308,U01231,P008,post,5,5,5,3,Better surface house red show guess cause.,2026-07-24
S00309,U01236,P006,post,5,5,4,4,Public learn star recent challenge question present.,2026-07-24
S00310,U01240,P006,post,3,4,4,3,Rest mind chair agent yeah edge share newspaper.,2026-07-24
S00311,U01241,P002,post,4,5,3,4,Future next toward leave great phone experience.,2026-07-24
S00312,U01257,P003,post,5,5,5,4,Conference you interview several first car method.,2026-07-24
S00313,U01258,P002,post,4,5,5,5,Explain very safe.,2026-07-24
S00314,U01266,P002,post,4,2,4,3,Hot necessary camera shake here.,2026-07-24
S00315,U01268,P006,post,5,4,4,4,Hour though cup argue individual happy president.,2026-07-24
S00316,U01269,P002,post,4,5,4,3,Thank significant support around sea onto.,2026-07-24
S00317,U01270,P007,post,4,2,3,5,Area issue for time operation finish.,2026-07-24
S00318,U01274,P006,post,5,5,3,5,Girl rise money sometimes memory test.,2026-07-24
S00319,U01276,P004,post,4,3,4,5,Sometimes rule suffer provide.,2026-07-24
S00320,U01278,P002,post,3,3,5,3,Into amount star daughter more.,2026-07-24
S00321,U01283,P003,post,4,2,5,5,Door better conference half.,2026-07-24
S00322,U01284,P003,post,4,4,3,4,Rock really environmental letter thank.,2026-07-24
S00323,U01286,P006,post,3,2,4,3,Nice take newspaper performance seat thing.,2026-07-24
S00324,U01288,P006,post,4,2,5,5,Sing site put between tree price seek.,2026-07-24
S00325,U01289,P008,post,4,2,4,4,Wrong pattern experience service service decide.,2026-07-24
S00326,U01290,P001,post,5,5,5,5,Adult return bar Republican.,2026-07-24
S00327,U01294,P006,post,3,3,3,5,Chance especially pick general this.,2026-07-24
S00328,U01301,P004,post,5,5,4,4,Capital church total analysis power parent.,2026-07-24
S00329,U01324,P003,post,4,4,5,3,Attention message anyone great maintain civil.,2026-07-24
S00330,U01326,P003,post,3,5,5,5,Attack rich billion recent.,2026-07-24
S00331,U01327,P001,post,3,2,3,4,Benefit movement doctor couple fear.,2026-07-24
S00332,U01329,P004,post,3,4,3,4,Election north peace inside.,2026-07-24
S00333,U01331,P003,post,5,4,3,4,Instead wife picture office dog.,2026-07-24
S00334,U01333,P005,post,3,2,5,5,Finally even government detail nor hold.,2026-07-24
S00335,U01337,P004,post,3,4,5,3,Policy turn learn teach.,2026-07-24
S00336,U01346,P003,post,5,5,3,5,Yet other main body pass behavior.,2026-07-24
S00337,U01347,P003,post,3,5,3,5,Tonight oil film crime guy behavior.,2026-07-24
S00338,U01358,P007,post,5,5,4,3,Positive top rate pull.,2026-07-24
S00339,U01366,P002,post,4,3,3,4,Movement set soon lose message.,2026-07-24
S00340,U01369,P006,post,4,2,5,3,Try us court but.,2026-07-24
S00341,U01370,P001,post,4,4,3,4,Deal both year national professor kitchen with open.,2026-07-24
S00342,U01374,P002,post,3,3,4,5,Room end any hot clear spring and.,2026-07-24
S00343,U01377,P001,post,5,4,5,4,Every gun bag computer miss team face.,2026-07-24
S00344,U01384,P004,post,5,5,4,5,Old catch though avoid however might instead.,2026-07-24
S00345,U01387,P004,post,3,4,4,3,Discuss anything increase half billion front.,2026-07-24
S00346,U01395,P007,post,5,2,4,3,Actually point cover far.,2026-07-24
S00347,U01396,P007,post,3,2,5,3,Itself partner ten television economic.,2026-07-24
S00348,U01397,P002,post,3,5,3,3,Hundred series wife life.,2026-07-24
S00349,U01398,P007,post,4,4,3,5,Anything goal to court.,2026-07-24
S00350,U01399,P001,post,3,2,4,3,Writer commercial special live sea.,2026-07-24
S00351,U01400,P002,post,3,4,5,4,Entire strong popular station.,2026-07-24
S00352,U01401,P001,post,5,5,3,5,Public choose artist field.,2026-07-24
S00353,U01402,P003,post,5,3,5,5,Young left exist type behavior.,2026-07-24
S00354,U01408,P007,post,5,3,3,3,Cause decade film nothing.,2026-07-24
S00355,U01411,P006,post,3,3,5,4,Around plant attention society war.,2026-07-24
S00356,U01412,P003,post,4,5,4,5,Such well tough.,2026-07-24
S00357,U01416,P004,post,4,4,5,3,Ask either marriage.,2026-07-24
S00358,U01419,P004,post,5,5,4,5,Require personal difficult change evidence view black.,2026-07-24
S00359,U01444,P003,post,5,5,5,4,Teach vote cut probably.,2026-07-24
S00360,U01452,P001,post,4,3,4,3,Little party art clearly include early.,2026-07-24
S00361,U01453,P002,post,4,4,5,5,Garden thank research probably recognize radio.,2026-07-24
S00362,U01454,P005,post,3,2,4,3,Try sell computer skin degree.,2026-07-24
S00363,U01455,P004,post,4,4,3,4,Agency once property pass area still training.,2026-07-24
S00364,U01456,P008,post,5,3,4,4,Entire travel crime push paper themselves break.,2026-07-24
S00365,U01459,P001,post,3,4,3,3,Phone two over board company.,2026-07-24
S00366,U01479,P007,post,3,5,5,3,Laugh court song rise outside.,2026-07-24
S00367,U01480,P002,post,4,5,4,5,Contain happy say institution.,2026-07-24
S00368,U01482,P007,post,5,5,4,5,Resource professional occur.,2026-07-24
S00369,U01492,P005,post,3,5,3,5,Model performance shoulder expert establish draw I.,2026-07-24
S00370,U01495,P003,post,4,4,4,3,Member south mouth concern provide.,2026-07-24
S00371,U01497,P007,post,4,4,5,5,Difficult all yard stand they figure.,2026-07-24
S00372,U01500,P001,post,3,4,5,4,Fish book possible father matter.,2026-07-24
